{
  "K1c": {
    "0.10_0.98": [
      0.387154290867121,
      0.04385790114595326
    ],
    "1.10_6.00": [
      0.8175814091236626,
      0.026022500279670024
    ],
    "15.00_19.00": [
      0.36557350186500426,
      0.02617655196123489
    ]
  },
  "K3": {
    "0.10_0.98": [
      0.010597414984001574,
      0.006814193345388114
    ],
    "1.10_6.00": [
      -0.01348359627315524,
      0.004576523599294438
    ],
    "15.00_19.00": [
      -0.2322000163248729,
      0.009726265054073124
    ]
  },
  "K4": {
    "0.10_0.98": [
      0.07329847149574617,
      0.006255999891361944
    ],
    "1.10_6.00": [
      -0.14537509570172064,
      0.01872638208957005
    ],
    "15.00_19.00": [
      -0.3230935260297861,
      0.007712918849827543
    ]
  },
  "K5": {
    "0.10_0.98": [
      0.30376112059137034,
      0.01101593829388276
    ],
    "1.10_6.00": [
      -0.06090318097204917,
      0.04141685637951122
    ],
    "15.00_19.00": [
      -0.2511805909758569,
      0.021495779145396784
    ]
  },
  "K6s": {
    "0.10_0.98": [
      -0.1268531927060032,
      0.005466772285463965
    ],
    "1.10_6.00": [
      -0.07996635451918549,
      0.03727737869017505
    ],
    "15.00_19.00": [
      0.4355993229083038,
      0.04503264561630706
    ]
  },
  "K7": {
    "0.10_0.98": [
      -0.025794747541256626,
      0.014951193056011513
    ],
    "1.10_6.00": [
      -0.025667575286076903,
      0.05206303781162994
    ],
    "15.00_19.00": [
      -0.0013176753338842318,
      0.03694651327274804
    ]
  },
  "K8": {
    "0.10_0.98": [
      -0.00010411796979677673,
      0.008727501707338324
    ],
    "1.10_6.00": [
      -0.00508120740243799,
      0.012208974833905326
    ],
    "15.00_19.00": [
      0.00045738478204661364,
      0.007961127950299346
    ]
  },
  "K9": {
    "0.10_0.98": [
      -0.0007347486044188789,
      0.005618627849913246
    ],
    "1.10_6.00": [
      -0.0008042355080548707,
      0.002586713696951978
    ],
    "15.00_19.00": [
      0.0004606249135544984,
      0.008364244948487188
    ]
  },
  "W1s": {
    "0.10_0.98": [
      0.002002650671699781,
      0.00112004886408918
    ],
    "1.10_6.00": [
      0.00013813574772900244,
      0.00032662776094295374
    ],
    "15.00_19.00": [
      -0.0007169861599913927,
      0.00032822042127655487
    ]
  },
  "W1c": {
    "0.10_0.98": [
      8.731570925559605e-05,
      0.0002888537399176218
    ],
    "1.10_6.00": [
      0.000791497498731033,
      0.0009248485791235475
    ],
    "15.00_19.00": [
      -0.0004752779132034695,
      0.00029300843698672706
    ]
  },
  "W3": {
    "0.10_0.98": [
      3.27637952003522e-05,
      0.00016808149064094548
    ],
    "1.10_6.00": [
      2.5152259297958602e-05,
      0.00011335862128430206
    ],
    "15.00_19.00": [
      0.00032829845940954527,
      0.00013616616321646404
    ]
  },
  "W4": {
    "0.10_0.98": [
      0.00025524438592232585,
      0.00019211029053992022
    ],
    "1.10_6.00": [
      0.00018656608584587052,
      0.00023563500813499722
    ],
    "15.00_19.00": [
      0.0004368502863971062,
      0.0001626012208701405
    ]
  },
  "W5": {
    "0.10_0.98": [
      0.0008884731088448341,
      0.0003200393404347467
    ],
    "1.10_6.00": [
      0.0003086976882521129,
      0.0007449265522508085
    ],
    "15.00_19.00": [
      0.0009202899263983505,
      0.0005194944781989806
    ]
  },
  "W6s": {
    "0.10_0.98": [
      -0.0003582920941566595,
      0.0001229521075483132
    ],
    "1.10_6.00": [
      -0.0005741272723425826,
      0.000685795326276487
    ],
    "15.00_19.00": [
      -0.001709066992216718,
      0.0010529132866892057
    ]
  },

  "W7": {
    "0.10_0.98": [
      0.0027197189375766954,
      0.00047051146698925354
    ],
    "1.10_6.00": [
      0.002495985095417243,
      0.0009687842687085041
    ],
    "15.00_19.00": [
      0.00011649193731205242,
      0.0007567610309166072
    ]
  },
  "W8": {
    "0.10_0.98": [
      0.0006980690746946819,
      0.0002271188353536374
    ],
    "1.10_6.00": [
      0.0008891766672404558,
      0.00024527279010197803
    ],
    "15.00_19.00": [
      7.513757569107883e-05,
      0.00010348929981206901
    ]
  },
  "W9": {
    "0.10_0.98": [
      9.063184870898824e-05,
      0.0001653271558674688
    ],
    "1.10_6.00": [
      0.0001175085234272471,
      0.00011674996051669635
    ],
    "15.00_19.00": [
      6.714901738591445e-05,
      0.00011501892532514444
    ]
  },

  "H1s": {
    "0.10_0.98": [
      -0.020103746772057552,
      0.012466310663255096
    ],
    "1.10_6.00": [
      0.019995868280764488,
      0.0061069624106204435
    ],
    "15.00_19.00": [
      0.34786278720709546,
      0.014974022826089683
    ]
  },
  "H1c": {
    "0.10_0.98": [
      0.38611604095314994,
      0.042405374930239534
    ],
    "1.10_6.00": [
      0.8154738598402733,
      0.028665738241195407
    ],
    "15.00_19.00": [
      0.36471821014080263,
      0.02652668301227801
    ]
  },
  "H3": {
    "0.10_0.98": [
      -0.24692622764410788,
      0.014523805471044031
    ],
    "1.10_6.00": [
      -0.11983218409991842,
      0.014133287286561252
    ],
    "15.00_19.00": [
      -0.34287321180943253,
      0.011693855211759589
    ]
  },
  "H4": {
    "0.10_0.98": [
      0.07303207023926958,
      0.006300627301020285
    ],
    "1.10_6.00": [
      -0.14505988126481914,
      0.01706411064138685
    ],
    "15.00_19.00": [
      -0.3223387003223539,
      0.0074698953804264515
    ]
  },
  "H5": {
    "0.10_0.98": [
      0.002781353471284273,
      0.0008559461801375655
    ],
    "1.10_6.00": [
      0.0027930743034169326,
      0.0023578274548927483
    ],
    "15.00_19.00": [
      0.00016195863996056742,
      0.0016040212656645105
    ]
  },
  "H6s": {
    "0.10_0.98": [
      -8.207553587215294e-05,
      0.00010975596457168142
    ],
    "1.10_6.00": [
      -0.00026432285084330553,
      0.0011644027541743262
    ],
    "15.00_19.00": [
      -0.00014082656986687101,
      0.001654275352525106
    ]
  },
  "H7": {
    "0.10_0.98": [
      -0.02565983678877162,
      0.01705871984520461
    ],
    "1.10_6.00": [
      -0.025532377474851313,
      0.046529164333074705
    ],
    "15.00_19.00": [
      -0.0013090142672893064,
      0.04451679928238724
    ]
  },
  "H8": {
    "0.10_0.98": [
      0.006927596573710125,
      0.0005347253921569942
    ],
    "1.10_6.00": [
      -0.006419270403909605,
      0.0011849722963820182
    ],
    "15.00_19.00": [
      -0.009475671390017724,
      0.0005795098900731402
    ]
  },
  "H9": {
    "0.10_0.98": [
      -0.021892767867918012,
      0.0015767422418497448
    ],
    "1.10_6.00": [
      -0.009136207747592719,
      0.0010729850367802729
    ],
    "15.00_19.00": [
      -0.016618160556701594,
      0.0011408704727378332
    ]
  },
  "Z1s": {
    "0.10_0.98": [
      -0.0016388717021085274,
      0.0007719763094230859
    ],
    "1.10_6.00": [
      0.001265408349654471,
      0.00045989341164336274
    ],
    "15.00_19.00": [
      0.023691309485578904,
      0.00161346008047107
    ]
  },
  "Z1c": {
    "0.10_0.98": [
      0.02832840207728858,
      0.003381459959553742
    ],
    "1.10_6.00": [
      0.058638482138447884,
      0.0032980069258587087
    ],
    "15.00_19.00": [
      0.024870332672714626,
      0.0020284818427353415
    ]
  },
  "Z3": {
    "0.10_0.98": [
      -0.02191798642764132,
      0.0017884821985702942
    ],
    "1.10_6.00": [
      -0.009329323717747667,
      0.0009795969651982127
    ],
    "15.00_19.00": [
      -0.023314490064529816,
      0.0014905994824239305
    ]
  },
  "Z4": {
    "0.10_0.98": [
      0.006291972144426549,
      0.0005364591055794602
    ],
    "1.10_6.00": [
      -0.009594390355348354,
      0.0012992881650796058
    ],
    "15.00_19.00": [
      -0.021954868935395434,
      0.0012876902674741003
    ]
  },
  "Z5": {
    "0.10_0.98": [
      -0.02547864713608965,
      0.01537880700335894
    ],