{
  "K1c": {
    "0.10_0.98": [
      0.4886573212161171,
      0.042024908712035354
    ],
    "1.10_6.00": [
      0.8714920426913102,
      0.01875065449488374
    ],
    "15.00_19.00": [
      0.366256156906026,
      0.017786302007440868
    ]
  },
  "K3": {
    "0.10_0.98": [
      0.010675831342526703,
      0.0010029001520595396
    ],
    "1.10_6.00": [
      -0.014761466338116301,
      0.003588873665021569
    ],
    "15.00_19.00": [
      -0.23223258698051777,
      0.00634428804015092
    ]
  },
  "K4": {
    "0.10_0.98": [
      0.09690483740848703,
      0.0020178644475626352
    ],
    "1.10_6.00": [
      -0.14757929890258123,
      0.010223944615990929
    ],
    "15.00_19.00": [
      -0.32322231266950796,
      0.0051853046927466135
    ]
  },
  "K5": {
    "0.10_0.98": [
      0.2670745256352303,
      0.003246258684456013
    ],
    "1.10_6.00": [
      -0.17614027818087866,
      0.015378193389890863
    ],
    "15.00_19.00": [
      -0.27522101621833134,
      0.008364360440759925
    ]
  },
  "K6s": {
    "0.10_0.98": [
      -0.11576797331641644,
      0.006103808767549572
    ],
    "1.10_6.00": [
      0.014637203403670893,
      0.013801744932585555
    ],
    "15.00_19.00": [
      0.480782440773141,
      0.01944690950873968
    ]
  },
  "K7": {
    "0.10_0.98": [
      -0.013877276944992188,
      0.003037429989264842
    ],
    "1.10_6.00": [
      -0.011500670705415083,
      0.0026856598110587986
    ],
    "15.00_19.00": [
      -0.0010481059970818955,
      0.00046049043727209346
    ]
  },
  "K8": {
    "0.10_0.98": [
      -0.003049529936005276,
      0.0014916185849131905
    ],
    "1.10_6.00": [
      -0.003257157614682354,
      0.001446473258274333
    ],
    "15.00_19.00": [
      0.00024192860267209423,
      0.00020071925345540337
    ]
  },
  "K9": {
    "0.10_0.98": [
      -0.0004197309914508415,
      0.00011549797184577461
    ],
    "1.10_6.00": [
      -0.00040811244219891705,
      0.00019811780083415598
    ],
    "15.00_19.00": [
      0.0002599321717853828,
      0.00022881833997321716
    ]
  },

  "W1s": {
    "0.10_0.98": [
      0.0024793991708111696,
      0.00020628325130007537
    ],
    "1.10_6.00": [
      9.714868848827292e-05,
      2.926372415545375e-05
    ],
    "15.00_19.00": [
      -0.0009063669665117399,
      0.00013840780104654003
    ]
  },
  "W1c": {
    "0.10_0.98": [
      0.00012462878909709946,
      3.1419764145115075e-05
    ],
    "1.10_6.00": [
      0.0009024559207983585,
      6.471019389394801e-05
    ],
    "15.00_19.00": [
      -0.0005886443477883609,
      7.685841276368634e-05
    ]
  },
  "W3": {
    "0.10_0.98": [
      4.27944861318975e-05,
      6.1274749273662846e-06
    ],
    "1.10_6.00": [
      2.9982854300175434e-05,
      7.465981908536975e-06
    ],
    "15.00_19.00": [
      0.0004073295923544601,
      4.464182202448224e-05
    ]
  },
  "W4": {
    "0.10_0.98": [
      0.0004643489167464224,
      2.6866518509613707e-05
    ],
    "1.10_6.00": [
      0.00025184783103836505,
      4.69073319934905e-05
    ],
    "15.00_19.00": [
      0.0005442263016681325,
      6.601740207698723e-05
    ]
  },
  "W5": {
    "0.10_0.98": [
      0.0010783012297466215,
      6.57763620526575e-05
    ],
    "1.10_6.00": [
      0.0004331546313470439,
      7.662945385524397e-05
    ],
    "15.00_19.00": [
      0.0007336553212463948,
      6.831352703970523e-05
    ]
  },
  "W6s": {
    "0.10_0.98": [
      -0.0004329238995962447,
      3.684650523763265e-05
    ],
    "1.10_6.00": [
      -0.0006602613821165762,
      0.0001092811015783489
    ],
    "15.00_19.00": [
      -0.0013623431184194821,
      0.00012226617117376255
    ]
  },
  "W7": {
    "0.10_0.98": [
      0.0032171429384643376,
      0.0001746202033817789
    ],
    "1.10_6.00": [
      0.0022683049186102353,
      0.00018319734718392586
    ],
    "15.00_19.00": [
      9.266007715917355e-05,
      1.7186011408921643e-05
    ]
  },
  "W8": {
    "0.10_0.98": [
      0.001325735210176501,
      7.595289003558334e-05
    ],
    "1.10_6.00": [
      0.0011423279350385492,
      9.916410298122065e-05
    ],
    "15.00_19.00": [
      7.048374379277665e-05,
      9.478953338935656e-06
    ]
  },
  "W9": {
    "0.10_0.98": [
      0.0001205543464560731,
      1.480878300685402e-05
    ],
    "1.10_6.00": [
      0.00013529264109316203,
      3.120367626313637e-05
    ],
    "15.00_19.00": [
      6.259146466707688e-05,
      1.4815043738466526e-05
    ]
  },
  "H1s": {
    "0.10_0.98": [
      -0.020196611481017132,
      0.0018551024580117249
    ],
    "1.10_6.00": [
      0.0220186381540994,
      0.0053916749318769835
    ],
    "15.00_19.00": [
      0.34809677704776487,
      0.010984188248334631
    ]
  },
  "H1c": {
    "0.10_0.98": [
      0.4873692692395077,
      0.03627447166778702
    ],
    "1.10_6.00": [
      0.8692700192505075,
      0.017305890840526278
    ],
    "15.00_19.00": [
      0.3654077957611059,
      0.013731384181323327
    ]
  },
  "H3": {
    "0.10_0.98": [
      -0.21163953306151398,
      0.012606908549948824
    ],
    "1.10_6.00": [
      -0.0954717087672431,
      0.008077938234243822
    ],
    "15.00_19.00": [
      -0.34239556855942915,
      0.007118280646654484
    ]
  },
  "H4": {
    "0.10_0.98": [
      0.09654862909189028,
      0.002110501685976189
    ],
    "1.10_6.00": [
      -0.14727839776260865,
      0.009906761623748744
    ],
    "15.00_19.00": [
      -0.32247567430839086,
      0.004505345655119102
    ]
  },
  "H5": {
    "0.10_0.98": [
      0.002118588151228094,
      0.0002612373981530403
    ],
    "1.10_6.00": [
      0.0017789105504382883,
      0.00026652239576823117
    ],
    "15.00_19.00": [
      0.00012882522534707257,
      4.440895718154454e-05
    ]
  },
  "H6s": {
    "0.10_0.98": [
      -6.468139079450862e-05,
      2.0569215832405444e-05
    ],
    "1.10_6.00": [
      -0.00017171064018122278,
      4.6517031907956754e-05
    ],
    "15.00_19.00": [
      -0.00011201634319952116,
      3.544279425572381e-05
    ]
  },
  "H7": {
    "0.10_0.98": [
      -0.013760175524828827,
      0.00273749387908531
    ],
    "1.10_6.00": [
      -0.01140233309659783,
      0.0029016000855118167
    ],
    "15.00_19.00": [
      -0.0010412168070015823,
      0.0004510779098105935
    ]
  },
  "H8": {
    "0.10_0.98": [
      0.009229193168152261,
      0.0005317392814042355
    ],
    "1.10_6.00": [
      -0.00608928172973565,
      0.0006918289733349357
    ],
    "15.00_19.00": [
      -0.009422122564359724,
      0.0005673141039013959
    ]
  },
  "H9": {
    "0.10_0.98": [
      -0.019738555142047736,
      0.001597111363024127
    ],
    "1.10_6.00": [
      -0.006948243862689367,
      0.0007381354352905726
    ],
    "15.00_19.00": [
      -0.01648607413750233,
      0.001002747009557979
    ]
  },
  "Z1s": {
    "0.10_0.98": [
      -0.0016994462291077504,
      0.0001779612522622498
    ],
    "1.10_6.00": [
      0.0013752869929759574,
      0.00034816594528374673
    ],
    "15.00_19.00": [
      0.02361340495971892,
      0.0014644094289854158
    ]
  },
  "Z1c": {
    "0.10_0.98": [
      0.035455026542439566,
      0.003939736190895863
    ],
    "1.10_6.00": [
      0.062168270273044494,
      0.003126804406988585
    ],
    "15.00_19.00": [
      0.024832570816476187,
      0.0016197698926810845
    ]
  },
  "Z3": {
    "0.10_0.98": [
      -0.019768310450248835,
      0.0015671784356649345
    ],
    "1.10_6.00": [
      -0.007152291374876705,
      0.0006579390744169255
    ],
    "15.00_19.00": [
      -0.023170717658711194,
      0.001303078514888202
    ]
  },
  "Z4": {
    "0.10_0.98": [
      0.008407124892792823,
      0.0004833464322026132
    ],
    "1.10_6.00": [
      -0.009468018058363952,
      0.000882065273336961
    ],
    "15.00_19.00": [
      -0.021878044589567727,
      0.0012730804652944612
    ]
  },
  "Z5": {
    "0.10_0.98": [
      -0.013775585090461203,
      0.0026435858020559654
    ],